{
  "project_info": {
    "project_number": "208071470834",
    "firebase_url": "https://spy-fall-demo.firebaseio.com",
    "project_id": "spy-fall-demo",
    "storage_bucket": "spy-fall-demo.appspot.com"
  },
  "client": [
    {
      "client_info": {
        "mobilesdk_app_id": "1:208071470834:android:53583f02b15dd89c6faa6b",
        "android_client_info": {
          "package_name": "com.example.spyfalldemo"
        }
      },
      "oauth_client": [
        {
          "client_id": "208071470834-gslugbcgcme41dmbietfsr1piiel66qc.apps.googleusercontent.com",
          "client_type": 3
        }
      ],
      "api_key": [
        {
          "current_key": "AIzaSyAs7ltPdUuJRg3F_wMoRQtcNO5NePl_MVo"
        }
      ],
      "services": {
        "appinvite_service": {
          "other_platform_oauth_client": [
            {
              "client_id": "208071470834-gslugbcgcme41dmbietfsr1piiel66qc.apps.googleusercontent.com",
              "client_type": 3
            }
          ]
        }
      }
    }
  ],
  "configuration_version": "1"
}